<?xml version="1.0" encoding="UTF-8"?>
<project-private xmlns="http://www.netbeans.org/ns/project-private/1">
    <editor-bookmarks xmlns="http://www.netbeans.org/ns/editor-bookmarks/2" lastBookmarkId="0"/>
    <open-files xmlns="http://www.netbeans.org/ns/projectui-open-files/2">
        <group>
            <file>file:/D:/CEFET/2018_1%20e%202o.Semestre/Lab%20PC2/ContaBancaria/src/contabancaria/ContaBancaria.java</file>
            <file>file:/D:/CEFET/2018_1%20e%202o.Semestre/Lab%20PC2/ContaBancaria/src/contabancaria/Conta.java</file>
        </group>
    </open-files>
</project-private>
